time,temperature_2m_mean,precipitation_sum,wind_speed_10m_max
2020-01-01,2.1,0.0,15.9
2020-01-02,4.5,0.0,25.3
2020-01-03,8.0,3.6,28.4
2020-01-04,6.8,0.5,28.4
2020-01-05,6.1,0.1,19.0
2020-01-06,5.7,1.5,21.0
2020-01-07,6.8,0.5,28.1
2020-01-08,10.4,2.8,29.0
2020-01-09,11.4,7.8,29.8
2020-01-10,6.9,1.4,22.9
2020-01-11,5.2,0.0,27.9
2020-01-12,7.2,0.7,33.0
2020-01-13,7.2,0.4,37.9
2020-01-14,10.4,9.6,41.6
2020-01-15,9.5,2.8,38.4
2020-01-16,7.1,0.0,26.8
2020-01-17,8.5,0.7,31.2
2020-01-18,5.2,1.2,22.3
2020-01-19,5.0,0.2,18.7
2020-01-20,3.5,0.0,10.3
2020-01-21,2.4,0.0,14.2
2020-01-22,4.2,0.0,10.6
2020-01-23,4.8,0.1,7.6
2020-01-24,2.5,0.0,12.1
2020-01-25,1.8,0.0,12.6
2020-01-26,5.4,0.9,23.8
2020-01-27,8.0,7.6,31.0
2020-01-28,5.0,7.8,33.4
2020-01-29,5.7,0.6,30.9
2020-01-30,8.3,1.4,31.6
2020-01-31,10.4,0.7,33.3
2020-02-01,10.3,0.8,32.6
2020-02-02,9.1,6.4,34.7
2020-02-03,8.9,3.6,28.6
2020-02-04,5.7,2.4,31.4
2020-02-05,4.5,0.0,13.8
2020-02-06,4.6,0.0,10.5
2020-02-07,4.5,0.0,18.5
2020-02-08,7.2,1.2,20.0
2020-02-09,9.3,10.1,57.0
2020-02-10,7.6,5.8,46.1
2020-02-11,5.6,1.5,42.6
2020-02-12,5.1,0.5,36.1
2020-02-13,5.9,11.5,33.3
2020-02-14,7.5,0.1,21.7
2020-02-15,10.3,0.7,44.5
2020-02-16,11.8,13.2,51.7
2020-02-17,7.8,0.9,38.8
2020-02-18,7.3,3.5,32.7
2020-02-19,6.2,2.2,31.3
2020-02-20,7.9,7.3,35.8
2020-02-21,7.2,0.0,36.4
2020-02-22,9.3,0.8,42.4
2020-02-23,8.9,15.4,49.1
2020-02-24,7.7,7.3,41.7
2020-02-25,6.4,3.6,31.1
2020-02-26,4.1,4.8,24.8
2020-02-27,2.8,6.3,25.3
2020-02-28,4.8,8.8,32.8
2020-02-29,8.6,2.3,45.8
2020-03-01,6.4,0.3,39.5
2020-03-02,5.1,2.6,20.8
2020-03-03,4.8,0.4,21.4
2020-03-04,6.4,2.8,15.5
2020-03-05,5.7,16.1,26.0
2020-03-06,5.8,5.9,21.4
2020-03-07,6.6,0.4,25.1
2020-03-08,8.4,1.8,30.9
2020-03-09,7.3,2.9,27.2
2020-03-10,10.2,12.2,37.5
2020-03-11,10.7,5.5,33.0
2020-03-12,8.4,1.8,40.8
2020-03-13,6.3,2.0,33.6
2020-03-14,6.6,0.7,25.3
2020-03-15,9.4,0.1,33.1
2020-03-16,7.7,0.0,13.1
2020-03-17,7.6,0.0,21.4
2020-03-18,9.9,0.0,22.7
2020-03-19,8.5,0.0,15.3
2020-03-20,6.6,0.5,24.7
2020-03-21,4.7,0.0,30.3
2020-03-22,4.4,0.0,25.3
2020-03-23,4.4,0.0,23.6
2020-03-24,5.0,0.0,17.8
2020-03-25,5.0,0.0,16.3
2020-03-26,5.8,0.0,22.4
2020-03-27,7.5,0.0,21.1
2020-03-28,7.4,0.0,28.8
2020-03-29,4.5,0.1,37.2
2020-03-30,4.1,0.5,20.6
2020-03-31,3.8,0.0,15.2
2020-04-01,3.6,0.0,10.9
2020-04-02,6.3,0.3,26.6
2020-04-03,6.7,0.6,19.7
2020-04-04,8.3,0.0,17.2
2020-04-05,11.7,0.0,23.7
2020-04-06,13.2,0.2,20.9
2020-04-07,12.2,0.0,13.7
2020-04-08,14.4,0.0,13.6
2020-04-09,13.4,0.0,15.5
2020-04-10,11.4,0.0,14.1
2020-04-11,12.4,0.0,11.5
2020-04-12,13.4,0.0,17.3
2020-04-13,7.8,0.0,26.3
2020-04-14,6.6,0.0,15.3
2020-04-15,8.5,0.0,9.2
2020-04-16,12.4,0.0,16.8
2020-04-17,10.9,0.0,19.6
2020-04-18,9.8,5.0,15.5
2020-04-19,12.5,0.6,22.1
2020-04-20,12.4,0.0,31.7
2020-04-21,13.8,0.0,30.8
2020-04-22,14.9,0.0,24.9
2020-04-23,15.2,0.0,13.3
2020-04-24,11.8,0.0,17.9
2020-04-25,9.4,0.0,16.5
2020-04-26,9.1,0.0,11.3
2020-04-27,12.1,0.0,16.7
2020-04-28,9.6,4.5,19.6
2020-04-29,12.0,5.8,23.5
2020-04-30,11.5,5.5,28.8
2020-05-01,10.1,6.7,25.7
2020-05-02,10.3,3.2,22.2
2020-05-03,12.0,0.2,13.2
2020-05-04,11.3,1.6,20.1
2020-05-05,9.4,0.0,20.9
2020-05-06,10.7,0.0,18.0
2020-05-07,12.3,0.0,15.8
2020-05-08,15.5,0.0,11.9
2020-05-09,17.1,0.0,21.7
2020-05-10,13.5,0.4,33.4
2020-05-11,8.6,0.0,35.9
2020-05-12,8.3,0.0,15.9
2020-05-13,8.8,0.4,25.6
2020-05-14,8.1,0.0,20.3
2020-05-15,8.9,0.0,15.3
2020-05-16,10.8,0.3,20.9
2020-05-17,13.0,0.0,19.4
2020-05-18,14.5,0.0,22.5
2020-05-19,15.8,0.0,16.3
2020-05-20,16.7,0.0,14.8
2020-05-21,19.5,0.1,11.1
2020-05-22,18.1,0.6,30.8
2020-05-23,14.9,0.3,34.9
2020-05-24,13.9,1.1,28.1
2020-05-25,15.2,0.0,16.6
2020-05-26,15.8,0.0,16.0
2020-05-27,15.6,0.0,21.1
2020-05-28,14.5,0.0,21.2
2020-05-29,15.3,0.0,18.1
2020-05-30,17.9,0.0,23.7
2020-05-31,17.6,0.0,23.8
2020-06-01,18.4,0.0,18.0
2020-06-02,18.4,0.0,16.3
2020-06-03,15.7,0.0,18.9
2020-06-04,12.9,1.2,27.3
2020-06-05,10.6,19.1,30.1
2020-06-06,11.5,1.7,40.1
2020-06-07,12.5,3.2,25.5
2020-06-08,13.9,1.1,24.4
2020-06-09,12.6,0.0,16.2
2020-06-10,13.3,0.9,8.4
2020-06-11,15.6,1.3,15.9
2020-06-12,18.8,5.9,19.7
2020-06-13,19.7,5.9,15.0
2020-06-14,18.1,0.6,19.4
2020-06-15,18.4,0.4,11.0
2020-06-16,18.2,6.0,13.2
2020-06-17,19.3,4.7,20.1
2020-06-18,17.6,7.4,21.2
2020-06-19,16.6,0.6,18.5
2020-06-20,16.9,0.5,14.2
2020-06-21,17.6,1.8,24.5
2020-06-22,17.2,0.0,16.6
2020-06-23,19.2,0.0,13.3
2020-06-24,23.0,0.0,15.9
2020-06-25,23.7,0.0,21.2
2020-06-26,24.3,4.1,20.7
2020-06-27,19.6,5.8,30.8
2020-06-28,17.0,1.5,32.4
2020-06-29,16.0,0.2,34.8
2020-06-30,16.4,8.6,33.6
2020-07-01,17.9,3.5,24.8
2020-07-02,16.9,1.0,23.5
2020-07-03,17.1,1.0,31.3
2020-07-04,17.2,8.0,35.8
2020-07-05,17.9,2.2,40.4
2020-07-06,15.2,1.0,29.4
2020-07-07,15.2,2.7,22.1
2020-07-08,15.8,13.7,14.3
2020-07-09,17.0,7.7,26.9
2020-07-10,14.7,4.5,24.7
2020-07-11,14.0,0.3,17.1
2020-07-12,14.9,0.0,12.6
2020-07-13,16.8,0.0,12.3
2020-07-14,15.8,4.1,15.0
2020-07-15,15.8,0.7,13.0
2020-07-16,16.1,2.3,20.7
2020-07-17,18.3,2.6,8.0
2020-07-18,19.1,0.5,15.4
2020-07-19,17.0,4.0,18.1
2020-07-20,15.7,0.0,18.1
2020-07-21,14.7,0.2,16.5
2020-07-22,15.0,0.1,13.6
2020-07-23,17.8,0.0,17.6
2020-07-24,18.2,0.9,20.2
2020-07-25,18.3,9.8,26.6
2020-07-26,18.1,3.0,24.8
2020-07-27,18.6,1.1,25.1
2020-07-28,17.5,1.1,27.8
2020-07-29,16.5,0.0,22.1
2020-07-30,19.0,0.0,10.3
2020-07-31,23.8,0.0,18.2
2020-08-01,21.0,0.0,18.6
2020-08-02,17.6,0.0,18.6
2020-08-03,15.6,7.4,18.3
2020-08-04,16.9,0.0,14.7
2020-08-05,20.5,0.0,19.0
2020-08-06,22.1,0.0,13.8
2020-08-07,25.1,0.0,11.8
2020-08-08,26.2,0.0,15.0
2020-08-09,26.8,0.0,17.9
2020-08-10,26.5,0.0,15.2
2020-08-11,26.9,0.4,13.0
2020-08-12,26.7,0.3,17.6
2020-08-13,24.6,9.7,11.2
2020-08-14,21.6,1.3,15.9
2020-08-15,21.9,4.7,9.2
2020-08-16,22.6,16.1,13.4
2020-08-17,19.7,5.6,19.3
2020-08-18,18.6,0.4,17.9
2020-08-19,20.8,3.2,18.8
2020-08-20,22.2,2.6,19.1
2020-08-21,23.3,0.0,28.4
2020-08-22,18.9,3.8,31.1
2020-08-23,17.4,4.6,23.8
2020-08-24,16.9,3.2,23.4
2020-08-25,17.1,6.8,39.7
2020-08-26,17.0,7.1,45.6
2020-08-27,16.2,6.2,22.1
2020-08-28,16.2,7.6,26.0
2020-08-29,15.1,4.3,16.3
2020-08-30,15.6,3.5,33.0
2020-08-31,14.4,0.0,13.9
2020-09-01,13.6,0.4,11.2
2020-09-02,14.5,0.0,13.2
2020-09-03,16.9,11.6,32.7
2020-09-04,17.1,1.7,20.9
2020-09-05,15.1,3.0,20.5
2020-09-06,14.2,0.3,17.0
2020-09-07,15.6,0.2,19.7
2020-09-08,17.5,0.1,18.8
2020-09-09,17.7,0.5,23.7
2020-09-10,14.6,0.0,6.6
2020-09-11,14.8,0.0,13.1
2020-09-12,15.4,0.4,22.8
2020-09-13,16.9,0.0,17.2
2020-09-14,19.3,0.0,10.8
2020-09-15,22.1,0.0,10.3
2020-09-16,19.0,0.0,20.0
2020-09-17,15.0,0.0,22.2
2020-09-18,14.7,0.0,22.0
2020-09-19,16.0,0.0,17.4
2020-09-20,15.4,0.0,15.9
2020-09-21,15.0,0.0,9.2
2020-09-22,15.0,0.0,10.0
2020-09-23,16.7,10.4,26.3
2020-09-24,14.0,11.1,33.0
2020-09-25,11.1,4.9,34.0
2020-09-26,12.6,9.6,27.8
2020-09-27,14.7,5.5,38.4
2020-09-28,15.5,14.1,17.8
2020-09-29,15.8,1.7,13.3
2020-09-30,15.2,0.3,19.9
2020-10-01,13.6,12.8,26.9
2020-10-02,12.7,2.4,24.7
2020-10-03,12.5,9.9,22.1
2020-10-04,11.4,3.5,36.1
2020-10-05,12.0,13.3,31.0
2020-10-06,12.7,9.2,27.7
2020-10-07,12.7,3.7,27.8
2020-10-08,13.7,10.8,35.5
2020-10-09,11.8,5.7,21.1
2020-10-10,9.3,7.2,23.8
2020-10-11,10.0,1.7,18.6
2020-10-12,10.7,0.8,15.5
2020-10-13,10.4,0.3,18.0
2020-10-14,9.3,0.0,22.3
2020-10-15,9.4,0.3,18.6
2020-10-16,7.9,0.0,13.6
2020-10-17,8.6,2.3,10.0
2020-10-18,9.2,0.6,14.3
2020-10-19,9.9,0.1,19.8
2020-10-20,12.4,2.9,22.1
2020-10-21,15.3,6.7,40.4
2020-10-22,13.6,0.8,23.5
2020-10-23,12.6,0.1,23.8
2020-10-24,13.8,0.7,35.6
2020-10-25,12.2,7.7,37.1
2020-10-26,9.7,1.4,31.6
2020-10-27,10.0,4.5,32.0
2020-10-28,10.3,17.0,30.5
2020-10-29,11.1,8.0,29.3
2020-10-30,14.7,3.1,32.0
2020-10-31,13.5,2.2,28.5
2020-11-01,14.3,4.6,32.1
2020-11-02,15.6,2.3,37.2
2020-11-03,9.5,0.9,36.8
2020-11-04,7.7,0.0,13.3
2020-11-05,7.2,0.0,9.9
2020-11-06,7.0,0.0,14.4
2020-11-07,7.8,0.0,12.4
2020-11-08,9.5,0.0,13.7
2020-11-09,11.5,0.0,10.7
2020-11-10,11.3,1.4,10.0
2020-11-11,10.4,0.0,23.2
2020-11-12,10.6,2.5,26.2
2020-11-13,10.1,0.9,24.1
2020-11-14,12.2,2.1,28.2
2020-11-15,12.5,10.5,41.0
2020-11-16,10.6,1.4,29.7
2020-11-17,12.2,0.9,28.6
2020-11-18,12.2,1.0,28.8
2020-11-19,8.9,2.7,31.7
2020-11-20,6.6,0.0,22.3
2020-11-21,9.9,0.6,27.4
2020-11-22,9.4,2.0,20.7
2020-11-23,6.6,0.0,13.1
2020-11-24,7.4,0.0,19.2
2020-11-25,7.5,0.0,18.8
2020-11-26,9.1,6.5,16.0
2020-11-27,7.0,1.6,9.8
2020-11-28,5.3,0.0,15.8
2020-11-29,2.8,0.0,14.8
2020-11-30,5.0,5.4,24.6
2020-12-01,8.4,6.8,31.8
2020-12-02,6.1,0.5,14.0
2020-12-03,5.6,6.3,27.7
2020-12-04,5.3,1.7,36.8
2020-12-05,2.4,0.0,19.2
2020-12-06,1.1,0.0,9.7
2020-12-07,3.7,4.2,18.1
2020-12-08,0.4,0.0,9.1
2020-12-09,0.8,0.2,17.0
2020-12-10,2.7,0.0,16.3
2020-12-11,3.5,5.1,21.0
2020-12-12,6.6,1.4,15.5
2020-12-13,6.7,0.5,27.0
2020-12-14,9.6,1.8,28.2
2020-12-15,8.6,0.6,18.9
2020-12-16,7.3,0.4,23.4
2020-12-17,8.5,4.4,23.7
2020-12-18,8.0,0.0,24.3
2020-12-19,8.9,0.7,26.9
2020-12-20,8.1,0.1,21.6
2020-12-21,8.4,16.4,33.1
2020-12-22,10.8,5.9,38.5
2020-12-23,10.5,16.8,21.3
2020-12-24,5.7,3.2,27.1
2020-12-25,3.6,0.5,18.4
2020-12-26,5.1,1.0,39.6
2020-12-27,5.0,11.0,47.1
2020-12-28,3.2,0.7,19.3
2020-12-29,3.2,2.6,19.6
2020-12-30,4.1,1.3,18.9
2020-12-31,1.9,0.5,11.5
2021-01-01,2.8,1.1,17.7
2021-01-02,2.4,0.0,10.5
2021-01-03,2.2,0.2,18.6
2021-01-04,2.7,2.3,25.0
2021-01-05,2.6,0.0,20.3
2021-01-06,2.1,0.4,16.3
2021-01-07,2.9,5.1,20.1
2021-01-08,2.0,2.2,17.8
2021-01-09,0.4,0.0,11.1
2021-01-10,1.7,0.0,16.4
2021-01-11,5.0,3.2,28.0
2021-01-12,5.9,13.9,33.8
2021-01-13,4.4,0.0,20.8
2021-01-14,2.0,0.8,19.0
2021-01-15,0.8,0.1,15.1
2021-01-16,0.4,3.3,22.1
2021-01-17,4.8,1.8,19.7
2021-01-18,5.1,1.7,26.3
2021-01-19,7.9,14.6,38.7
2021-01-20,8.8,0.8,34.4
2021-01-21,7.2,11.8,46.4
2021-01-22,4.3,1.7,23.9
2021-01-23,3.3,1.3,21.9
2021-01-24,2.1,2.6,16.2
2021-01-25,2.1,1.6,28.1
2021-01-26,4.4,0.5,27.3
2021-01-27,5.1,2.1,26.4
2021-01-28,6.0,9.3,15.6
2021-01-29,7.9,7.9,32.2
2021-01-30,0.9,0.2,24.0
2021-01-31,-1.1,1.1,19.1
2021-02-01,2.1,1.6,15.6
2021-02-02,5.6,8.8,22.3
2021-02-03,8.1,12.1,29.6
2021-02-04,7.0,1.4,22.6
2021-02-05,6.9,1.9,13.3
2021-02-06,3.7,4.0,30.3
2021-02-07,-4.1,13.0,31.7
2021-02-08,-5.6,1.6,27.9
2021-02-09,-4.0,0.0,15.9
2021-02-10,-3.9,0.0,16.0
2021-02-11,-5.6,0.0,11.9
2021-02-12,-6.3,0.0,22.9
2021-02-13,-5.3,0.0,20.9
2021-02-14,-0.7,0.0,27.3
2021-02-15,4.3,6.7,24.5
2021-02-16,7.8,2.4,26.1
2021-02-17,9.0,0.1,31.0
2021-02-18,8.6,5.1,28.1
2021-02-19,7.0,0.0,26.8
2021-02-20,12.5,0.0,25.0
2021-02-21,11.4,0.0,22.5
2021-02-22,11.4,0.0,20.2
2021-02-23,12.4,0.0,30.9
2021-02-24,13.6,0.0,28.6
2021-02-25,10.5,0.0,16.2
2021-02-26,6.3,0.5,17.3
2021-02-27,4.0,0.0,9.4
2021-02-28,4.2,0.0,14.1
2021-03-01,4.5,0.0,15.2
2021-03-02,6.4,0.0,11.6
2021-03-03,5.9,0.0,11.1
2021-03-04,4.5,0.8,19.0
2021-03-05,2.8,0.0,17.3
2021-03-06,1.8,0.0,10.8
2021-03-07,1.7,0.0,10.6
2021-03-08,4.1,1.9,17.1
2021-03-09,5.5,4.7,20.5
2021-03-10,6.0,3.8,36.0
2021-03-11,8.9,3.9,54.0
2021-03-12,6.4,5.2,35.7
2021-03-13,6.9,12.9,46.9
2021-03-14,6.3,2.3,26.1
2021-03-15,6.3,2.6,31.0
2021-03-16,5.2,6.4,15.5
2021-03-17,5.4,0.2,26.4
2021-03-18,4.4,1.5,17.7
2021-03-19,4.4,0.0,22.0
2021-03-20,4.1,0.0,14.0
2021-03-21,6.2,0.2,26.5
2021-03-22,5.4,0.1,13.7
2021-03-23,7.1,0.0,19.4
2021-03-24,7.3,0.0,16.9
2021-03-25,8.3,0.0,20.7
2021-03-26,9.8,3.2,29.0
2021-03-27,6.4,3.4,31.0
2021-03-28,9.2,0.6,36.0
2021-03-29,11.5,0.0,25.4
2021-03-30,12.1,0.0,13.6
2021-03-31,13.2,0.0,10.5
2021-04-01,9.8,0.0,19.8
2021-04-02,5.9,0.0,23.4
2021-04-03,6.9,0.0,20.5
2021-04-04,6.0,0.0,22.5
2021-04-05,4.7,3.1,34.5
2021-04-06,2.6,4.6,28.3
2021-04-07,3.6,8.6,34.7
2021-04-08,5.5,0.1,22.5
2021-04-09,7.5,0.0,21.6
2021-04-10,5.0,10.5,23.5
2021-04-11,4.3,0.9,26.3
2021-04-12,3.7,1.3,18.7
2021-04-13,4.8,0.8,13.5
2021-04-14,4.3,1.2,18.7
2021-04-15,5.0,1.4,15.1
2021-04-16,6.0,0.0,18.4
2021-04-17,6.2,0.0,21.6
2021-04-18,7.3,0.0,13.3
2021-04-19,9.1,4.9,11.9
2021-04-20,10.2,0.3,15.0
2021-04-21,8.4,0.4,23.4
2021-04-22,6.0,0.0,18.1
2021-04-23,6.8,0.0,12.9
2021-04-24,7.5,0.0,20.6
2021-04-25,6.7,0.0,18.4
2021-04-26,6.9,0.0,15.9
2021-04-27,8.5,0.0,14.7
2021-04-28,9.6,1.5,17.3
2021-04-29,7.2,8.8,29.5
2021-04-30,6.7,3.7,18.3
2021-05-01,7.1,0.1,17.3
2021-05-02,6.4,0.9,19.9
2021-05-03,9.3,0.8,30.3
2021-05-04,9.0,8.8,49.2
2021-05-05,6.9,2.8,31.2
2021-05-06,6.5,1.3,14.8
2021-05-07,6.7,3.6,22.0
2021-05-08,9.9,4.2,28.2
2021-05-09,17.3,2.7,28.6
2021-05-10,14.7,4.7,27.6
2021-05-11,12.7,0.7,10.4
2021-05-12,11.7,0.3,15.2
2021-05-13,11.7,7.7,14.6
2021-05-14,11.4,1.6,10.8
2021-05-15,10.4,3.4,16.8
2021-05-16,11.3,10.8,19.5
2021-05-17,10.5,4.8,25.2
2021-05-18,11.2,1.4,18.9
2021-05-19,10.5,5.3,15.3
2021-05-20,11.9,1.2,29.1
2021-05-21,12.5,2.0,42.8
2021-05-22,10.4,10.4,36.0
2021-05-23,11.3,1.0,28.0
2021-05-24,11.5,10.6,23.8
2021-05-25,10.0,3.1,30.6
2021-05-26,10.9,2.3,31.7
2021-05-27,10.9,1.3,27.4
2021-05-28,11.9,0.0,12.7
2021-05-29,13.1,0.3,17.8
2021-05-30,14.0,0.0,16.1
2021-05-31,16.7,0.0,13.8
2021-06-01,18.3,0.0,17.3
2021-06-02,20.1,0.0,13.7
2021-06-03,19.4,0.7,17.7
2021-06-04,19.1,6.9,13.1
2021-06-05,14.5,3.8,20.6
2021-06-06,15.3,0.0,16.4
2021-06-07,16.0,0.0,17.0
2021-06-08,17.9,0.0,17.0
2021-06-09,17.5,0.0,17.3
2021-06-10,17.7,0.0,14.7
2021-06-11,17.8,0.0,19.4
2021-06-12,16.0,0.0,19.1
2021-06-13,16.2,0.0,9.0
2021-06-14,19.2,0.0,16.6
2021-06-15,18.6,1.3,13.4
2021-06-16,21.5,0.0,14.2
2021-06-17,23.3,0.0,27.8
2021-06-18,22.3,17.0,26.1
2021-06-19,17.7,9.8,18.8
2021-06-20,17.7,17.5,20.9
2021-06-21,14.6,15.5,20.3
2021-06-22,14.6,0.0,20.0
2021-06-23,14.2,2.9,14.1
2021-06-24,14.5,0.0,14.5
2021-06-25,15.4,3.3,20.9
2021-06-26,17.9,0.5,13.2
2021-06-27,20.4,9.6,18.8
2021-06-28,19.0,6.6,12.4
2021-06-29,16.8,0.8,19.2
2021-06-30,14.2,10.5,19.5
2021-07-01,14.9,1.9,21.8
2021-07-02,16.5,2.0,13.2
2021-07-03,18.4,4.2,18.3
2021-07-04,17.0,9.0,11.4
2021-07-05,16.7,2.4,17.7
2021-07-06,17.1,2.9,50.9
2021-07-07,17.0,0.9,21.4
2021-07-08,16.8,0.9,11.9
2021-07-09,16.7,0.1,13.0
2021-07-10,16.9,4.7,7.4
2021-07-11,18.0,4.0,13.7
2021-07-12,19.1,0.4,12.6
2021-07-13,18.0,3.0,22.8
2021-07-14,17.5,1.0,29.6
2021-07-15,17.7,5.1,29.7
2021-07-16,16.9,0.0,19.4
2021-07-17,18.5,0.0,19.0
2021-07-18,19.0,0.0,17.6
2021-07-19,18.1,0.0,14.7
2021-07-20,17.9,0.0,8.8
2021-07-21,18.8,0.1,14.7
2021-07-22,17.9,0.0,17.3
2021-07-23,17.2,0.0,18.1
2021-07-24,18.4,2.0,17.1
2021-07-25,19.3,7.0,15.7
2021-07-26,18.2,7.1,16.5
2021-07-27,17.6,7.7,21.0
2021-07-28,17.1,2.5,29.8
2021-07-29,16.7,1.9,29.2
2021-07-30,16.8,7.2,30.9
2021-07-31,16.5,5.9,28.2
2021-08-01,16.1,2.3,18.7
2021-08-02,15.3,1.6,13.3
2021-08-03,15.0,1.0,9.8
2021-08-04,16.2,0.7,11.3
2021-08-05,17.8,1.7,18.4
2021-08-06,17.8,9.3,29.5
2021-08-07,16.6,10.8,25.8
2021-08-08,16.2,5.8,30.9
2021-08-09,16.5,4.4,28.3
2021-08-10,16.3,1.7,17.6
2021-08-11,17.3,0.1,12.3
2021-08-12,18.2,0.0,13.6
2021-08-13,17.4,0.0,24.2
2021-08-14,17.9,0.7,20.5
2021-08-15,18.9,0.2,22.1
2021-08-16,15.8,4.4,29.0
2021-08-17,15.1,10.8,22.9
2021-08-18,17.1,1.0,24.2
2021-08-19,16.7,0.9,21.9
2021-08-20,17.5,2.1,15.8
2021-08-21,19.1,7.7,10.7
2021-08-22,17.4,9.4,22.6
2021-08-23,18.1,0.1,20.7
2021-08-24,16.9,0.1,17.9
2021-08-25,16.5,0.1,18.7
2021-08-26,16.2,1.1,26.3
2021-08-27,15.9,1.5,27.8
2021-08-28,16.4,0.3,20.9
2021-08-29,16.0,5.3,24.4
2021-08-30,17.3,2.7,24.3
2021-08-31,16.7,0.1,21.0
2021-09-01,16.4,0.6,11.9
2021-09-02,16.1,0.0,11.8
2021-09-03,16.6,0.0,16.0
2021-09-04,16.0,0.0,17.7
2021-09-05,16.5,0.0,11.3
2021-09-06,17.0,0.0,8.7
2021-09-07,19.3,0.0,11.3
2021-09-08,20.2,0.0,13.5
2021-09-09,19.7,0.0,17.7
2021-09-10,19.3,0.8,15.0
2021-09-11,17.5,3.9,20.8
2021-09-12,16.3,0.8,14.3
2021-09-13,15.4,0.1,11.7
2021-09-14,17.4,0.6,14.6
2021-09-15,17.5,0.6,22.6
2021-09-16,16.7,0.5,15.4
2021-09-17,16.0,0.1,14.4
2021-09-18,16.6,0.0,12.0
2021-09-19,16.0,0.1,13.9
2021-09-20,13.2,0.0,16.9
2021-09-21,12.6,0.0,9.9
2021-09-22,14.5,0.0,13.0
2021-09-23,16.3,0.2,27.1
2021-09-24,17.0,0.0,24.2
2021-09-25,17.5,0.2,14.9
2021-09-26,17.5,0.3,14.5
2021-09-27,15.5,4.5,32.5
2021-09-28,14.4,0.1,20.3
2021-09-29,12.6,8.0,33.5
2021-09-30,12.4,0.5,26.8
2021-10-01,13.8,10.9,27.2
2021-10-02,13.4,12.3,40.0
2021-10-03,13.3,15.8,28.8
2021-10-04,13.5,0.2,30.5
2021-10-05,12.9,7.5,29.8
2021-10-06,13.0,12.5,34.9
2021-10-07,13.7,0.0,10.7
2021-10-08,11.2,0.0,10.9
2021-10-09,11.4,0.0,11.3
2021-10-10,11.1,0.4,14.0
2021-10-11,12.6,0.2,18.4
2021-10-12,11.4,5.5,23.4
2021-10-13,11.2,1.2,16.1
2021-10-14,13.9,2.0,24.5
2021-10-15,11.9,2.0,23.4
2021-10-16,10.0,0.2,11.9
2021-10-17,10.4,0.3,18.8
2021-10-18,11.8,0.4,19.8
2021-10-19,16.7,1.6,28.9
2021-10-20,15.8,12.1,34.2
2021-10-21,10.4,25.4,50.5
2021-10-22,10.0,0.6,34.7
2021-10-23,9.2,0.0,18.2
2021-10-24,8.8,0.0,15.9
2021-10-25,10.8,4.4,19.4
2021-10-26,12.1,0.7,24.0
2021-10-27,13.4,0.0,27.0
2021-10-28,12.0,0.0,22.3
2021-10-29,13.3,0.8,30.8
2021-10-30,12.2,10.9,26.8
2021-10-31,11.2,7.8,34.3
2021-11-01,9.5,1.6,34.2
2021-11-02,7.3,3.5,15.8
2021-11-03,5.8,0.4,10.0
2021-11-04,6.6,3.0,16.2
2021-11-05,8.6,0.4,15.3
2021-11-06,9.7,1.7,30.0
2021-11-07,10.6,2.2,30.4
2021-11-08,9.0,0.0,13.4
2021-11-09,8.1,0.0,16.6
2021-11-10,9.3,0.0,13.6
2021-11-11,9.6,1.2,13.5
2021-11-12,8.0,0.6,24.7
2021-11-13,11.2,7.4,21.4
2021-11-14,9.4,0.1,17.4
2021-11-15,6.8,0.2,13.9
2021-11-16,5.9,0.0,16.0
2021-11-17,8.7,0.4,19.6
2021-11-18,9.8,0.0,21.4
2021-11-19,11.4,0.1,21.2
2021-11-20,10.0,0.8,21.4
2021-11-21,8.4,2.4,20.6
2021-11-22,5.1,0.0,15.0
2021-11-23,7.8,0.5,8.8
2021-11-24,6.1,0.0,11.7
2021-11-25,6.4,1.7,18.3
2021-11-26,4.7,10.4,28.6
2021-11-27,0.7,10.1,21.3
2021-11-28,2.5,3.7,15.0
2021-11-29,4.5,1.9,23.5
2021-11-30,9.3,6.8,30.6
2021-12-01,8.4,3.9,37.2
2021-12-02,3.3,2.9,21.9
2021-12-03,3.5,0.5,29.9
2021-12-04,4.8,3.8,21.1
2021-12-05,4.0,0.8,23.8
2021-12-06,1.8,11.5,28.7
2021-12-07,4.5,3.1,34.9
2021-12-08,4.7,0.2,26.8
2021-12-09,3.5,0.0,24.2
2021-12-10,3.0,4.6,23.0
2021-12-11,5.2,0.5,21.8
2021-12-12,9.2,4.5,24.1
2021-12-13,8.9,0.0,19.4
2021-12-14,8.3,0.4,18.4
2021-12-15,9.4,0.2,16.6
2021-12-16,7.5,0.0,9.6
2021-12-17,6.2,0.0,9.9
2021-12-18,7.0,0.0,10.0
2021-12-19,7.3,0.1,17.7
2021-12-20,4.6,0.0,10.5
2021-12-21,-1.4,0.0,9.4
2021-12-22,-1.7,0.0,13.8
2021-12-23,2.9,0.9,23.3
2021-12-24,8.0,2.0,25.2
2021-12-25,0.3,5.1,20.3
2021-12-26,0.0,0.6,16.3
2021-12-27,5.1,0.9,17.6
2021-12-28,8.9,5.5,29.1
2021-12-29,9.2,4.8,26.6
2021-12-30,12.2,0.1,33.7
2021-12-31,12.0,0.5,32.3
2022-01-01,11.8,0.5,22.6
2022-01-02,11.3,5.4,33.8
2022-01-03,8.9,0.4,34.3
2022-01-04,6.5,8.1,19.8
2022-01-05,5.0,2.9,32.3
2022-01-06,3.5,0.6,28.1
2022-01-07,3.7,6.2,28.2
2022-01-08,4.1,13.9,30.3
2022-01-09,4.7,1.9,30.2
2022-01-10,1.7,0.0,13.2
2022-01-11,2.0,0.2,16.2
2022-01-12,3.5,0.4,11.2
2022-01-13,4.4,0.0,16.6
2022-01-14,4.9,0.0,12.1
2022-01-15,2.9,0.0,12.4
2022-01-16,6.1,0.3,22.4
2022-01-17,5.9,0.0,17.9
2022-01-18,6.0,0.0,11.8
2022-01-19,4.7,0.4,25.9
2022-01-20,4.5,0.5,27.7
2022-01-21,4.6,0.1,19.7
2022-01-22,6.1,0.1,15.4
2022-01-23,5.6,0.3,8.1
2022-01-24,3.2,0.0,7.9
2022-01-25,1.3,0.0,8.9
2022-01-26,4.3,0.0,20.8
2022-01-27,7.0,1.2,26.7
2022-01-28,6.3,0.1,24.3
2022-01-29,9.1,0.0,37.5
2022-01-30,6.0,0.0,26.1
2022-01-31,6.1,5.1,48.0
2022-02-01,7.5,1.1,30.5
2022-02-02,8.3,0.3,26.7
2022-02-03,6.9,1.0,21.5
2022-02-04,6.2,6.1,33.3
2022-02-05,6.3,3.2,38.6
2022-02-06,7.4,16.2,44.4
2022-02-07,5.9,0.1,37.0
2022-02-08,9.1,0.1,29.3
2022-02-09,8.7,0.0,25.2
2022-02-10,6.5,1.9,18.8
2022-02-11,4.2,0.4,27.6
2022-02-12,2.9,0.0,22.9
2022-02-13,5.8,0.0,32.1
2022-02-14,9.2,1.0,35.4
2022-02-15,6.9,13.0,36.4
2022-02-16,10.7,7.7,50.6
2022-02-17,8.6,1.3,44.8
2022-02-18,8.3,5.8,60.3
2022-02-19,5.7,12.6,39.5
2022-02-20,8.2,19.2,56.9
2022-02-21,6.6,3.6,51.6
2022-02-22,7.2,1.4,33.6
2022-02-23,7.5,0.0,29.5
2022-02-24,6.0,7.4,39.8
2022-02-25,5.1,2.9,32.1
2022-02-26,3.1,0.0,14.6
2022-02-27,4.2,0.0,20.9
2022-02-28,4.2,0.0,17.1
2022-03-01,5.1,2.0,12.6
2022-03-02,5.8,0.0,13.2
2022-03-03,4.5,0.0,16.5
2022-03-04,4.3,0.0,14.7
2022-03-05,2.4,0.0,14.9
2022-03-06,2.5,0.0,22.2
2022-03-07,2.3,0.0,19.1
2022-03-08,4.1,0.0,21.1
2022-03-09,5.8,0.0,15.1
2022-03-10,7.8,0.0,18.1
2022-03-11,10.0,0.0,24.8
2022-03-12,10.6,0.7,26.3
2022-03-13,11.6,0.1,24.6
2022-03-14,8.8,1.0,19.1
2022-03-15,8.5,0.0,12.6
2022-03-16,9.5,0.4,20.9
2022-03-17,8.1,0.4,24.0
2022-03-18,7.7,0.0,18.5
2022-03-19,8.4,0.0,25.4
2022-03-20,4.7,2.0,19.7
2022-03-21,8.0,0.0,10.9
2022-03-22,11.0,0.0,10.1
2022-03-23,9.6,0.0,10.3
2022-03-24,10.6,0.0,17.3
2022-03-25,9.0,0.0,14.8
2022-03-26,10.0,0.0,14.8
2022-03-27,10.2,0.0,13.5
2022-03-28,8.7,0.0,9.0
2022-03-29,8.6,0.0,16.6
2022-03-30,7.2,0.3,19.5
2022-03-31,3.1,11.2,32.7
2022-04-01,2.7,6.7,36.2
2022-04-02,3.2,0.1,24.9
2022-04-03,3.1,0.8,16.7
2022-04-04,7.3,10.8,37.5
2022-04-05,10.4,2.1,29.5
2022-04-06,9.8,4.5,41.7
2022-04-07,8.8,15.0,52.9
2022-04-08,6.4,0.4,22.4
2022-04-09,5.9,2.0,28.7
2022-04-10,6.4,0.6,11.3
2022-04-11,9.6,0.0,21.4
2022-04-12,13.6,0.0,16.3
2022-04-13,12.6,0.1,12.5
2022-04-14,11.7,0.8,14.6
2022-04-15,10.0,0.0,14.3
2022-04-16,10.6,0.0,20.2
2022-04-17,11.1,0.0,14.6
2022-04-18,12.4,0.0,13.4
2022-04-19,12.4,0.0,17.1
2022-04-20,12.0,0.0,20.9
2022-04-21,12.4,0.0,21.6
2022-04-22,12.8,0.1,26.4
2022-04-23,13.6,0.2,29.2
2022-04-24,11.8,0.0,24.5
2022-04-25,8.9,5.6,19.7
2022-04-26,8.9,0.1,20.8
2022-04-27,7.6,0.0,16.6
2022-04-28,9.2,0.0,15.9
2022-04-29,8.9,0.0,17.9
2022-04-30,8.3,0.1,16.9
2022-05-01,8.8,0.0,14.0
2022-05-02,10.8,0.0,18.7
2022-05-03,10.1,0.1,14.7
2022-05-04,10.1,0.0,13.5
2022-05-05,12.6,0.4,13.8
2022-05-06,14.1,0.0,14.4
2022-05-07,14.0,3.6,18.3
2022-05-08,12.0,0.0,15.6
2022-05-09,14.3,0.0,13.8
2022-05-10,16.4,0.3,26.8
2022-05-11,15.5,1.6,30.9
2022-05-12,13.8,0.0,22.0
2022-05-13,13.8,0.0,27.3
2022-05-14,14.9,0.0,15.3
2022-05-15,17.8,0.0,20.2
2022-05-16,17.7,0.2,29.9
2022-05-17,17.8,4.8,16.6
2022-05-18,19.0,0.0,16.2
2022-05-19,17.1,3.9,21.4
2022-05-20,13.5,14.3,23.8
2022-05-21,13.9,0.3,24.3
2022-05-22,15.2,0.0,11.2
2022-05-23,15.2,5.6,19.8
2022-05-24,12.9,2.7,27.2
2022-05-25,13.5,2.1,31.1
2022-05-26,15.3,1.4,31.4
2022-05-27,13.8,1.4,24.5
2022-05-28,12.2,0.0,22.4
2022-05-29,10.5,2.2,21.2
2022-05-30,10.9,0.7,8.1
2022-05-31,11.8,7.6,13.4
2022-06-01,12.1,1.4,21.3
2022-06-02,13.5,0.0,17.8
2022-06-03,16.6,0.0,20.1
2022-06-04,16.1,1.3,22.9
2022-06-05,16.0,24.5,20.9
2022-06-06,13.6,5.9,36.1
2022-06-07,15.2,0.1,20.0
2022-06-08,15.1,10.2,24.8
2022-06-09,15.5,1.4,19.1
2022-06-10,17.5,1.5,24.5
2022-06-11,16.7,0.2,19.6
2022-06-12,15.7,0.0,18.8
2022-06-13,14.0,0.3,19.9
2022-06-14,15.1,0.0,13.5
2022-06-15,17.4,0.0,15.8
2022-06-16,18.2,0.0,11.6
2022-06-17,22.4,0.0,18.7
2022-06-18,20.4,0.1,22.3
2022-06-19,14.4,5.2,23.8
2022-06-20,14.8,0.1,20.5
2022-06-21,15.5,0.0,15.2
2022-06-22,18.1,0.0,13.2
2022-06-23,21.7,0.4,15.6
2022-06-24,19.7,9.1,13.9
2022-06-25,18.3,6.3,18.7
2022-06-26,17.5,1.1,17.7
2022-06-27,16.2,9.5,17.9
2022-06-28,17.8,0.0,16.6
2022-06-29,20.2,0.0,16.0
2022-06-30,17.0,6.7,20.2
2022-07-01,15.8,0.2,20.9
2022-07-02,17.5,0.0,19.2
2022-07-03,16.4,0.8,19.5
2022-07-04,17.1,0.4,18.4
2022-07-05,16.0,0.5,22.7
2022-07-06,16.7,0.0,20.2
2022-07-07,16.7,1.0,31.6
2022-07-08,17.2,0.0,15.9
2022-07-09,17.5,0.2,25.6
2022-07-10,17.1,0.0,16.3
2022-07-11,19.2,0.0,11.4
2022-07-12,21.2,0.0,10.5
2022-07-13,20.9,0.4,19.9
2022-07-14,17.1,0.0,21.9
2022-07-15,17.1,0.1,18.7
2022-07-16,17.4,0.0,19.1
2022-07-17,18.6,0.0,11.2
2022-07-18,23.8,0.0,10.2
2022-07-19,28.6,0.0,17.0
2022-07-20,23.3,0.7,23.0
2022-07-21,18.3,3.7,31.4
2022-07-22,16.8,1.9,14.8
2022-07-23,18.4,0.0,11.9
2022-07-24,22.7,0.0,18.7
2022-07-25,20.3,0.1,31.6
2022-07-26,16.9,2.5,18.3
2022-07-27,16.2,1.1,14.0
2022-07-28,17.0,0.0,19.0
2022-07-29,18.6,0.1,15.1
2022-07-30,19.3,0.0,9.1
2022-07-31,19.8,4.6,28.2
2022-08-01,19.2,1.1,13.6
2022-08-02,21.3,0.0,23.1
2022-08-03,22.6,0.0,19.2
2022-08-04,21.6,0.0,16.6
2022-08-05,17.4,0.2,22.1
2022-08-06,16.2,0.0,14.9
2022-08-07,16.5,0.0,15.0
2022-08-08,17.8,0.5,17.1
2022-08-09,19.6,0.0,17.9
2022-08-10,21.8,0.0,15.6
2022-08-11,23.7,0.0,16.3
2022-08-12,24.3,0.0,14.8
2022-08-13,24.6,0.0,14.6
2022-08-14,24.7,0.0,20.9
2022-08-15,23.1,1.1,17.2
2022-08-16,21.2,0.0,13.0
2022-08-17,19.2,22.9,18.2
2022-08-18,19.7,1.4,11.5
2022-08-19,19.9,2.5,19.3
2022-08-20,18.2,1.1,20.9
2022-08-21,17.8,0.8,20.3
2022-08-22,19.8,0.0,10.4
2022-08-23,20.9,0.2,15.2
2022-08-24,22.9,0.2,14.3
2022-08-25,23.3,0.0,20.3
2022-08-26,19.0,4.1,18.7
2022-08-27,17.6,0.5,15.6
2022-08-28,17.1,0.1,18.3
2022-08-29,17.0,0.0,14.4
2022-08-30,18.4,0.0,20.0
2022-08-31,18.3,0.0,23.9
2022-09-01,18.7,0.0,21.3
2022-09-02,20.1,0.0,20.1
2022-09-03,20.3,0.0,18.9
2022-09-04,20.8,0.2,12.9
2022-09-05,21.8,0.2,16.3
2022-09-06,20.6,9.2,19.6
2022-09-07,18.7,2.2,19.2
2022-09-08,17.7,2.8,20.2
2022-09-09,15.9,13.4,30.0
2022-09-10,16.6,2.5,19.8
2022-09-11,16.8,0.1,11.0
2022-09-12,18.1,1.3,13.6
2022-09-13,18.7,2.2,14.2
2022-09-14,15.3,1.3,11.5
2022-09-15,15.3,0.2,22.5
2022-09-16,12.6,13.6,28.8
2022-09-17,12.9,5.5,28.3
2022-09-18,12.2,12.8,22.4
2022-09-19,12.9,0.7,22.3
2022-09-20,12.7,0.3,14.7
2022-09-21,12.1,0.0,9.5
2022-09-22,12.0,0.0,12.1
2022-09-23,13.7,1.3,15.1
2022-09-24,13.4,1.6,21.4
2022-09-25,12.2,0.8,14.8
2022-09-26,11.9,12.6,28.3
2022-09-27,9.6,9.6,18.5
2022-09-28,9.7,2.4,15.1
2022-09-29,9.9,0.2,8.0
2022-09-30,11.6,4.7,34.0
2022-10-01,14.2,6.5,37.8
2022-10-02,14.0,3.1,18.2
2022-10-03,13.2,0.1,11.8
2022-10-04,13.7,0.0,23.9
2022-10-05,15.8,0.7,35.4
2022-10-06,13.5,0.0,21.9
2022-10-07,13.8,0.2,26.3
2022-10-08,12.4,1.5,21.6
2022-10-09,10.9,0.0,14.6
2022-10-10,11.1,2.5,22.9
2022-10-11,10.6,0.0,13.0
2022-10-12,9.6,0.0,14.5
2022-10-13,12.4,3.4,19.0
2022-10-14,12.9,1.7,19.5
2022-10-15,13.8,2.0,21.9
2022-10-16,14.6,0.2,24.0
2022-10-17,15.4,5.8,20.7
2022-10-18,13.0,0.0,10.4
2022-10-19,10.5,0.0,22.0
2022-10-20,13.4,2.0,18.4
2022-10-21,15.3,1.3,20.0
2022-10-22,14.8,0.0,25.0
2022-10-23,15.3,5.9,27.7
2022-10-24,14.9,6.7,34.6
2022-10-25,13.5,0.8,22.5
2022-10-26,15.3,0.7,22.8
2022-10-27,16.3,1.1,22.3
2022-10-28,16.3,0.1,23.0
2022-10-29,16.2,1.1,15.8
2022-10-30,14.7,1.6,16.0
2022-10-31,13.3,0.2,24.5
2022-11-01,14.0,1.6,34.5
2022-11-02,12.4,0.3,32.6
2022-11-03,12.6,4.0,28.3
2022-11-04,9.2,7.8,19.2
2022-11-05,9.2,0.4,26.0
2022-11-06,10.4,12.8,31.8
2022-11-07,12.2,3.8,27.9
2022-11-08,13.3,0.6,28.1
2022-11-09,12.1,1.0,33.1
2022-11-10,11.9,0.0,25.3
2022-11-11,10.0,0.0,22.1
2022-11-12,8.5,0.0,9.4
2022-11-13,7.7,0.0,10.7
2022-11-14,5.7,2.1,14.9
2022-11-15,10.2,4.8,23.1
2022-11-16,10.0,6.2,28.2
2022-11-17,10.1,12.2,40.8
2022-11-18,8.3,5.2,18.2
2022-11-19,2.4,0.9,20.0
2022-11-20,2.4,6.2,25.9
2022-11-21,5.9,8.6,26.8
2022-11-22,6.8,1.0,31.2
2022-11-23,7.7,3.1,27.0
2022-11-24,9.1,2.1,25.2
2022-11-25,8.9,3.8,24.6
2022-11-26,7.2,0.0,22.0
2022-11-27,7.4,11.1,25.2
2022-11-28,8.3,3.0,15.6
2022-11-29,6.3,0.1,10.1
2022-11-30,5.2,0.0,8.7
2022-12-01,3.6,0.0,14.1
2022-12-02,2.6,0.0,20.0
2022-12-03,1.5,0.1,19.0
2022-12-04,0.8,0.0,18.8
2022-12-05,4.5,2.1,14.8
2022-12-06,5.0,0.7,10.7
2022-12-07,4.4,2.5,10.8
2022-12-08,2.8,6.8,15.7
2022-12-09,-1.1,0.0,11.2
2022-12-10,0.0,0.1,15.3
2022-12-11,-0.0,0.0,15.7
2022-12-12,-2.1,0.0,10.2
2022-12-13,-3.2,0.0,12.2
2022-12-14,-3.3,0.0,10.7
2022-12-15,-2.1,0.0,13.7
2022-12-16,-0.8,0.0,16.1
2022-12-17,-2.3,0.0,16.3
2022-12-18,-1.9,4.4,22.9
2022-12-19,6.9,5.5,28.8
2022-12-20,9.6,6.7,27.9
2022-12-21,7.6,0.8,23.0
2022-12-22,8.5,4.9,22.3
2022-12-23,9.3,10.2,31.6
2022-12-24,8.6,0.4,25.2
2022-12-25,8.4,5.2,18.1
2022-12-26,7.1,0.6,31.7
2022-12-27,6.1,2.0,29.5
2022-12-28,9.1,5.7,36.4
2022-12-29,8.6,4.6,35.0
2022-12-30,8.6,2.6,37.1
2022-12-31,14.0,16.0,41.0
2023-01-01,12.3,4.0,39.0
2023-01-02,8.4,4.0,21.7
2023-01-03,6.4,4.3,34.2
2023-01-04,11.1,8.2,38.9
2023-01-05,10.0,1.2,27.3
2023-01-06,10.1,2.0,32.1
2023-01-07,10.0,0.4,30.7
2023-01-08,8.2,0.7,27.4
2023-01-09,6.5,6.0,28.0
2023-01-10,7.1,6.4,33.3
2023-01-11,9.7,6.5,36.7
2023-01-12,10.2,25.3,41.9
2023-01-13,8.2,5.0,36.3
2023-01-14,8.7,18.2,40.0
2023-01-15,6.2,3.3,40.3
2023-01-16,4.1,13.1,28.3
2023-01-17,1.0,0.5,18.7
2023-01-18,1.7,4.0,25.8
2023-01-19,2.6,6.9,23.0
2023-01-20,1.6,7.2,19.1
2023-01-21,-0.1,0.0,13.2
2023-01-22,1.0,0.0,18.2
2023-01-23,2.6,0.0,12.4
2023-01-24,0.9,0.0,13.1
2023-01-25,0.5,0.3,13.7
2023-01-26,4.7,2.2,22.2
2023-01-27,3.6,0.0,19.7
2023-01-28,2.3,0.0,9.2
2023-01-29,4.2,0.3,25.3
2023-01-30,6.7,0.5,34.7
2023-01-31,6.6,0.3,34.1
2023-02-01,7.3,1.7,37.9
2023-02-02,8.2,0.4,25.8
2023-02-03,9.2,0.6,29.8
2023-02-04,7.3,0.3,10.1
2023-02-05,6.1,1.6,34.6
2023-02-06,3.1,0.0,9.7
2023-02-07,0.1,0.0,10.7
2023-02-08,0.0,0.0,11.2
2023-02-09,2.4,0.0,16.9
2023-02-10,4.3,0.0,23.2
2023-02-11,7.4,0.0,17.6
2023-02-12,7.0,0.0,7.8
2023-02-13,5.9,0.0,8.8
2023-02-14,4.5,0.0,11.5
2023-02-15,4.6,0.0,15.5
2023-02-16,7.7,3.3,24.0
2023-02-17,9.9,0.2,34.3
2023-02-18,9.8,2.9,32.1
2023-02-19,7.7,1.7,24.3
2023-02-20,7.6,0.0,31.9
2023-02-21,8.0,0.1,18.4
2023-02-22,6.2,0.8,15.6
2023-02-23,6.6,0.9,17.1
2023-02-24,4.5,2.2,25.6
2023-02-25,4.4,0.3,24.9
2023-02-26,2.2,0.0,25.5
2023-02-27,2.4,0.0,20.9
2023-02-28,1.7,1.1,14.8
2023-03-01,1.3,0.0,17.4
2023-03-02,2.8,0.0,18.6
2023-03-03,3.6,0.0,14.2
2023-03-04,5.9,0.3,22.0
2023-03-05,3.8,1.9,14.8
2023-03-06,4.1,6.3,24.5
2023-03-07,2.6,7.0,19.1
2023-03-08,0.8,6.4,22.7
2023-03-09,2.0,11.5,15.9
2023-03-10,3.0,20.5,34.5
2023-03-11,2.7,0.0,12.8
2023-03-12,7.3,2.2,30.9
2023-03-13,12.4,3.0,47.5
2023-03-14,6.7,8.5,28.8
2023-03-15,4.8,2.1,17.7
2023-03-16,8.6,1.7,25.9
2023-03-17,11.3,0.1,19.4
2023-03-18,11.2,2.8,22.3
2023-03-19,9.3,1.2,16.2
2023-03-20,7.6,4.7,23.3
2023-03-21,10.3,1.6,25.5
2023-03-22,10.4,4.0,34.6
2023-03-23,12.0,8.3,32.1
2023-03-24,10.8,2.2,37.1
2023-03-25,9.2,2.3,40.8
2023-03-26,7.1,4.8,24.8
2023-03-27,4.5,0.6,24.3
2023-03-28,4.4,2.2,23.7
2023-03-29,10.7,0.5,24.3
2023-03-30,12.3,1.4,39.0
2023-03-31,10.4,17.4,32.3
2023-04-01,9.0,6.0,20.5
2023-04-02,6.1,0.5,23.4
2023-04-03,4.6,0.0,20.6
2023-04-04,4.3,0.0,11.2
2023-04-05,5.1,0.0,13.2
2023-04-06,6.8,6.2,21.8
2023-04-07,8.0,0.6,19.9
2023-04-08,9.4,0.0,11.5
2023-04-09,10.7,0.0,12.8
2023-04-10,10.5,7.2,28.4
2023-04-11,9.7,1.6,30.3
2023-04-12,9.0,13.2,34.5
2023-04-13,8.3,4.4,32.8
2023-04-14,8.7,0.2,18.5
2023-04-15,9.2,0.1,26.3
2023-04-16,8.5,0.8,18.9
2023-04-17,10.2,0.3,17.9
2023-04-18,8.8,0.6,24.9
2023-04-19,10.2,0.0,26.3
2023-04-20,7.8,1.3,26.5
2023-04-21,10.5,2.3,19.5
2023-04-22,8.6,4.7,13.3
2023-04-23,10.9,15.0,24.4
2023-04-24,8.2,17.7,30.6
2023-04-25,6.4,1.2,22.4
2023-04-26,5.8,0.1,10.4
2023-04-27,7.9,0.0,16.4
2023-04-28,10.4,5.5,24.0
2023-04-29,10.1,0.5,14.5
2023-04-30,11.2,0.1,15.6
2023-05-01,11.7,0.7,18.4
2023-05-02,9.1,0.0,17.9
2023-05-03,9.2,0.0,18.1
2023-05-04,14.1,1.4,21.1
2023-05-05,13.6,3.9,16.9
2023-05-06,14.6,0.2,14.5
2023-05-07,15.1,7.2,10.9
2023-05-08,14.1,0.4,16.4
2023-05-09,13.4,16.5,17.3
2023-05-10,12.4,2.9,14.6
2023-05-11,13.1,15.3,14.5
2023-05-12,15.1,12.2,24.1
2023-05-13,15.6,0.8,16.7
2023-05-14,12.6,0.0,19.6
2023-05-15,10.8,2.6,28.1
2023-05-16,10.2,0.3,21.7
2023-05-17,10.3,0.0,19.9
2023-05-18,9.8,0.0,14.0
2023-05-19,12.6,0.0,17.8
2023-05-20,14.7,0.0,25.6
2023-05-21,15.5,0.1,22.4
2023-05-22,15.3,4.7,22.9
2023-05-23,12.2,0.0,26.0
2023-05-24,11.5,0.0,16.2
2023-05-25,12.4,0.2,18.9
2023-05-26,12.1,0.0,24.5
2023-05-27,13.7,0.0,14.8
2023-05-28,15.2,0.0,24.2
2023-05-29,12.4,0.0,23.0
2023-05-30,12.8,0.0,19.9
2023-05-31,15.1,0.0,21.6
2023-06-01,12.7,0.0,22.4
2023-06-02,13.6,0.3,19.2
2023-06-03,16.1,0.0,19.4
2023-06-04,15.5,0.0,20.7
2023-06-05,14.2,0.0,20.8
2023-06-06,15.3,0.0,18.7
2023-06-07,16.2,0.0,18.4
2023-06-08,17.2,0.0,22.0
2023-06-09,21.0,0.0,19.1
2023-06-10,23.4,0.0,20.0
2023-06-11,24.5,0.0,18.6
2023-06-12,24.0,0.0,19.7
2023-06-13,22.3,0.0,23.2
2023-06-14,20.7,0.0,19.8
2023-06-15,20.2,0.0,20.1
2023-06-16,19.5,0.0,19.1
2023-06-17,20.2,0.0,12.2
2023-06-18,20.3,2.2,21.1
2023-06-19,20.5,0.0,26.2
2023-06-20,22.0,2.0,18.4
2023-06-21,19.5,0.0,16.9
2023-06-22,18.8,7.9,17.4
2023-06-23,20.1,0.0,15.0
2023-06-24,20.1,0.0,11.5
2023-06-25,24.2,0.0,17.3
2023-06-26,19.2,0.0,22.0
2023-06-27,18.3,0.8,18.0
2023-06-28,19.0,1.4,18.3
2023-06-29,18.3,1.3,23.3
2023-06-30,17.7,0.8,26.1
2023-07-01,18.1,4.0,25.5
2023-07-02,17.3,0.0,31.9
2023-07-03,16.6,4.3,34.1
2023-07-04,16.9,2.8,24.3
2023-07-05,15.2,12.9,42.9
2023-07-06,17.0,0.8,20.1
2023-07-07,21.3,0.0,15.8
2023-07-08,24.1,0.0,15.5
2023-07-09,21.0,12.7,21.7
2023-07-10,19.9,0.3,18.6
2023-07-11,20.9,0.1,22.7
2023-07-12,18.0,3.9,25.5
2023-07-13,17.8,2.7,23.1
2023-07-14,19.7,0.0,21.3
2023-07-15,21.0,1.9,26.7
2023-07-16,18.8,1.4,37.4
2023-07-17,17.3,3.9,27.7
2023-07-18,18.3,0.4,15.0
2023-07-19,17.4,8.7,19.6
2023-07-20,16.8,0.4,11.8
2023-07-21,16.2,2.6,23.2
2023-07-22,16.2,5.1,26.1
2023-07-23,18.4,1.8,36.1
2023-07-24,17.1,4.0,22.6
2023-07-25,15.4,1.6,20.0
2023-07-26,16.3,1.8,21.0
2023-07-27,17.4,19.9,26.6
2023-07-28,19.5,2.8,19.8
2023-07-29,18.4,7.6,25.8
2023-07-30,17.5,15.1,34.2
2023-07-31,17.5,15.9,34.6
2023-08-01,17.1,4.1,29.4
2023-08-02,17.4,13.1,37.2
2023-08-03,16.6,9.9,28.2
2023-08-04,16.4,1.4,19.2
2023-08-05,15.4,4.9,25.4
2023-08-06,15.1,19.3,34.9
2023-08-07,15.7,0.7,29.2
2023-08-08,16.2,6.6,27.2
2023-08-09,16.0,1.0,18.9
2023-08-10,18.8,0.0,11.3
2023-08-11,20.0,0.0,17.9
2023-08-12,19.4,1.8,24.0
2023-08-13,18.2,1.9,20.7
2023-08-14,19.8,0.0,17.4
2023-08-15,18.6,0.1,18.5
2023-08-16,18.4,0.0,19.9
2023-08-17,18.7,0.2,19.2
2023-08-18,20.8,0.1,15.3
2023-08-19,21.4,0.8,24.2
2023-08-20,19.5,0.0,12.0
2023-08-21,19.8,0.8,12.3
2023-08-22,18.6,0.6,16.8
2023-08-23,19.3,0.0,12.7
2023-08-24,20.2,10.4,15.3
2023-08-25,19.1,7.8,16.5
2023-08-26,16.0,7.7,26.6
2023-08-27,15.2,4.0,23.3
2023-08-28,16.0,1.4,14.4
2023-08-29,15.6,0.5,16.6
2023-08-30,14.6,5.7,22.1
2023-08-31,15.7,0.7,17.2
2023-09-01,16.4,18.0,10.2
2023-09-02,17.8,0.9,11.2
2023-09-03,17.7,0.0,9.8
2023-09-04,18.6,0.0,14.8
2023-09-05,21.3,0.0,12.2
2023-09-06,22.2,0.0,10.1
2023-09-07,21.9,0.0,16.5
2023-09-08,21.5,0.0,9.5
2023-09-09,21.7,0.0,8.7
2023-09-10,24.4,0.0,11.4
2023-09-11,21.7,0.0,14.0
2023-09-12,19.5,2.8,11.6
2023-09-13,17.2,0.4,28.2
2023-09-14,16.1,0.0,11.2
2023-09-15,16.9,0.0,10.8
2023-09-16,18.8,2.9,14.8
2023-09-17,18.5,12.9,15.6
2023-09-18,18.6,10.4,31.4
2023-09-19,17.0,1.2,41.3
2023-09-20,19.0,0.0,36.0
2023-09-21,16.4,19.0,28.8
2023-09-22,13.2,6.4,24.0
2023-09-23,13.7,2.7,20.5
2023-09-24,14.7,0.0,20.9
2023-09-25,16.5,0.0,19.4
2023-09-26,17.0,0.0,14.5
2023-09-27,18.3,0.0,20.3
2023-09-28,17.7,0.2,23.6
2023-09-29,17.1,0.8,25.8
2023-09-30,15.4,0.2,15.5
2023-10-01,17.6,0.0,16.8
2023-10-02,18.9,0.0,18.7
2023-10-03,16.8,1.5,34.3
2023-10-04,15.3,0.5,24.1
2023-10-05,15.5,0.6,19.7
2023-10-06,16.2,0.0,28.9
2023-10-07,18.2,0.0,29.2
2023-10-08,17.1,0.0,15.1
2023-10-09,17.1,1.3,17.5
2023-10-10,17.2,0.0,23.4
2023-10-11,18.1,0.4,31.1
2023-10-12,16.7,18.1,22.9
2023-10-13,18.1,23.7,33.4
2023-10-14,12.1,0.3,25.7
2023-10-15,9.0,4.2,21.6
2023-10-16,9.9,0.0,10.4
2023-10-17,9.4,0.0,21.2
2023-10-18,10.5,7.3,25.6
2023-10-19,15.4,1.5,20.9
2023-10-20,13.2,19.4,23.8
2023-10-21,13.2,5.0,31.7
2023-10-22,12.2,3.2,28.6
2023-10-23,10.8,6.7,18.9
2023-10-24,11.4,5.2,24.2
2023-10-25,9.9,7.9,16.6
2023-10-26,9.1,1.6,15.9
2023-10-27,10.6,9.4,15.5
2023-10-28,11.4,17.0,31.4
2023-10-29,12.6,5.4,35.3
2023-10-30,11.3,6.2,23.0
2023-10-31,10.9,8.4,19.5
2023-11-01,11.7,5.5,30.7
2023-11-02,10.7,13.4,50.4
2023-11-03,9.6,21.6,35.8
2023-11-04,9.1,4.5,29.7
2023-11-05,10.1,5.7,33.1
2023-11-06,9.7,1.2,29.5
2023-11-07,9.4,1.3,26.5
2023-11-08,9.5,17.9,32.5
2023-11-09,9.3,5.5,26.4
2023-11-10,7.8,4.5,25.4
2023-11-11,7.5,1.9,18.1
2023-11-12,6.6,0.0,12.1
2023-11-13,10.8,7.4,37.8
2023-11-14,11.4,7.8,38.1
2023-11-15,10.3,3.4,26.4
2023-11-16,7.7,2.7,17.3
2023-11-17,6.3,0.6,10.7
2023-11-18,8.9,10.6,28.1
2023-11-19,12.4,3.7,32.7
2023-11-20,9.7,1.5,28.3
2023-11-21,8.2,0.1,17.8
2023-11-22,5.7,0.3,20.7
2023-11-23,11.6,0.5,32.4
2023-11-24,7.2,3.2,38.0
2023-11-25,6.4,4.5,25.9
2023-11-26,5.8,2.7,19.2
2023-11-27,5.2,18.4,25.8
2023-11-28,2.5,2.0,24.7
2023-11-29,2.9,0.8,26.0
2023-11-30,-0.0,2.0,9.9
2023-12-01,-1.4,0.0,13.0
2023-12-02,-0.8,0.7,14.3
2023-12-03,0.5,4.2,23.3
2023-12-04,2.8,5.0,23.3
2023-12-05,2.5,1.4,15.4
2023-12-06,3.1,0.3,10.6
2023-12-07,1.9,0.3,23.0
2023-12-08,5.7,2.3,20.6
2023-12-09,7.7,7.1,38.3
2023-12-10,9.7,1.1,46.4
2023-12-11,9.0,3.1,40.3
2023-12-12,7.4,16.4,18.0
2023-12-13,7.3,0.4,17.4
2023-12-14,5.6,0.1,14.7
2023-12-15,6.6,0.0,14.5
2023-12-16,8.4,0.0,22.3
2023-12-17,8.1,0.0,23.6
2023-12-18,7.6,0.0,25.4
2023-12-19,8.8,18.7,28.3
2023-12-20,8.3,3.1,32.2
2023-12-21,9.8,6.7,42.9
2023-12-22,8.6,3.9,34.4
2023-12-23,9.5,2.5,36.0
2023-12-24,10.8,9.3,36.5
2023-12-25,11.0,13.9,34.5
2023-12-26,8.0,2.6,32.8
2023-12-27,8.1,4.5,32.8
2023-12-28,10.5,2.5,36.7
2023-12-29,9.3,9.4,36.9
2023-12-30,8.2,0.2,27.0
2023-12-31,8.7,4.2,36.4
2024-01-01,7.3,3.4,34.7
2024-01-02,10.5,19.2,49.4
2024-01-03,8.8,6.7,38.8
2024-01-04,7.6,8.7,19.3
2024-01-05,7.3,4.4,25.6
2024-01-06,4.3,0.0,18.9
2024-01-07,0.3,0.0,24.0
2024-01-08,-1.7,0.0,28.7
2024-01-09,-3.5,0.0,21.9
2024-01-10,-3.2,0.0,17.1
2024-01-11,-1.2,0.0,10.5
2024-01-12,3.3,0.0,9.0
2024-01-13,4.4,0.3,19.9
2024-01-14,3.7,2.8,23.3
2024-01-15,2.3,2.6,25.3
2024-01-16,0.9,1.0,22.7
2024-01-17,-1.4,0.0,17.7
2024-01-18,-0.8,0.0,17.1
2024-01-19,1.3,0.4,20.1
2024-01-20,-0.4,0.0,22.3
2024-01-21,4.2,0.4,40.0
2024-01-22,9.3,5.4,46.9
2024-01-23,8.0,4.9,44.2
2024-01-24,9.6,0.6,48.5
2024-01-25,6.9,0.3,19.6
2024-01-26,8.0,3.3,35.4
2024-01-27,3.7,0.0,13.9
2024-01-28,4.5,0.0,18.0
2024-01-29,6.8,0.0,15.6
2024-01-30,8.1,0.9,32.2
2024-01-31,6.4,1.5,30.8
2024-02-01,6.4,2.7,28.1
2024-02-02,7.9,0.1,29.3
2024-02-03,9.6,0.2,25.9
2024-02-04,10.0,1.6,34.3
2024-02-05,9.0,0.0,47.9
2024-02-06,10.1,7.0,41.4
2024-02-07,5.2,9.1,24.3
2024-02-08,4.0,16.8,22.0
2024-02-09,10.7,4.9,27.9
2024-02-10,10.0,0.9,16.6
2024-02-11,8.1,5.2,17.1
2024-02-12,6.3,0.4,19.6
2024-02-13,6.4,2.6,28.3
2024-02-14,11.0,8.5,30.2
2024-02-15,12.8,4.0,19.3
2024-02-16,10.9,0.2,21.1
2024-02-17,9.4,0.0,16.5
2024-02-18,9.3,17.4,27.7
2024-02-19,8.3,0.6,25.5
2024-02-20,8.7,0.7,32.0
2024-02-21,9.3,7.3,32.7
2024-02-22,9.7,10.0,42.4
2024-02-23,5.4,5.5,38.7
2024-02-24,4.6,3.7,23.7
2024-02-25,6.1,0.6,21.0
2024-02-26,4.9,5.5,30.8
2024-02-27,4.5,0.0,17.6
2024-02-28,6.6,0.6,22.4
2024-02-29,8.2,5.8,24.2
2024-03-01,7.5,5.0,33.6
2024-03-02,7.9,4.8,28.8
2024-03-03,8.8,2.5,17.6
2024-03-04,7.0,0.0,16.9
2024-03-05,5.3,1.2,7.3
2024-03-06,5.8,0.1,10.9
2024-03-07,6.0,0.0,24.2
2024-03-08,5.6,0.0,27.7
2024-03-09,8.9,0.1,24.6
2024-03-10,9.6,0.0,20.8
2024-03-11,7.3,8.4,11.4
2024-03-12,8.5,6.2,19.3
2024-03-13,11.1,0.3,31.1
2024-03-14,12.1,0.0,19.5
2024-03-15,12.2,1.9,31.8
2024-03-16,8.1,0.9,20.8
2024-03-17,10.0,2.6,19.3
2024-03-18,10.4,0.1,17.3
2024-03-19,10.4,0.0,20.2
2024-03-20,11.5,2.0,8.8
2024-03-21,9.4,0.0,17.0
2024-03-22,9.5,4.7,24.4
2024-03-23,6.7,1.2,32.1
2024-03-24,6.6,10.1,32.7
2024-03-25,7.3,0.1,18.9
2024-03-26,9.4,1.4,18.1
2024-03-27,9.4,0.5,22.5
2024-03-28,8.8,3.3,32.0
2024-03-29,10.8,0.8,29.5
2024-03-30,8.6,4.4,18.1
2024-03-31,9.7,3.1,21.3
2024-04-01,9.7,0.0,23.7
2024-04-02,9.5,2.0,29.8
2024-04-03,10.8,7.5,30.3
2024-04-04,11.7,8.7,38.8
2024-04-05,13.5,3.5,32.7
2024-04-06,17.3,0.0,27.6
2024-04-07,15.3,4.6,31.2
2024-04-08,14.1,6.4,14.2
2024-04-09,11.1,1.4,43.7
2024-04-10,11.1,0.0,22.9
2024-04-11,13.2,2.2,24.7
2024-04-12,15.0,0.0,29.8
2024-04-13,15.8,0.0,28.2
2024-04-14,11.3,0.0,18.2
2024-04-15,8.7,8.0,43.4
2024-04-16,8.0,12.6,35.6
2024-04-17,6.3,6.1,20.7
2024-04-18,7.4,3.4,23.2
2024-04-19,8.5,11.2,35.6
2024-04-20,7.0,2.0,30.3
2024-04-21,6.6,2.8,30.0
2024-04-22,5.9,0.9,19.4
2024-04-23,5.8,1.1,20.0
2024-04-24,6.5,3.3,27.1
2024-04-25,6.5,6.3,23.2
2024-04-26,8.1,0.6,13.8
2024-04-27,10.6,8.7,16.6
2024-04-28,12.0,0.4,38.5
2024-04-29,12.1,0.3,19.8
2024-04-30,15.4,3.4,14.7
2024-05-01,17.3,0.2,17.5
2024-05-02,16.2,0.2,20.8
2024-05-03,11.2,10.5,28.5
2024-05-04,11.2,8.3,14.9
2024-05-05,12.4,1.5,11.5
2024-05-06,14.3,0.5,16.4
2024-05-07,13.3,0.3,20.4
2024-05-08,11.9,0.9,15.9
2024-05-09,12.3,0.0,10.7
2024-05-10,14.8,0.0,13.0
2024-05-11,16.4,0.0,17.1
2024-05-12,18.6,0.0,21.1
2024-05-13,18.6,0.4,16.2
2024-05-14,19.0,0.9,21.6
2024-05-15,15.7,7.6,10.5
2024-05-16,14.9,11.8,20.1
2024-05-17,14.2,1.1,22.1
2024-05-18,16.4,1.4,11.5
2024-05-19,16.2,3.8,19.5
2024-05-20,15.2,6.2,16.8
2024-05-21,16.7,9.4,12.7
2024-05-22,15.6,6.8,26.0
2024-05-23,15.2,1.2,23.3
2024-05-24,14.3,23.0,17.9
2024-05-25,14.8,12.2,18.7
2024-05-26,15.3,7.1,18.8
2024-05-27,14.2,0.8,20.5
2024-05-28,14.1,3.9,23.5
2024-05-29,15.0,13.1,24.9
2024-05-30,13.9,2.5,19.7
2024-05-31,14.9,5.6,25.3
2024-06-01,14.8,3.6,28.3
2024-06-02,13.6,0.3,22.0
2024-06-03,14.0,0.0,9.4
2024-06-04,16.1,4.7,24.0
2024-06-05,12.7,0.8,23.6
2024-06-06,13.1,0.2,16.2
2024-06-07,13.6,2.4,18.4
2024-06-08,13.1,1.2,25.1
2024-06-09,13.1,0.0,26.0
2024-06-10,11.6,18.4,42.7
2024-06-11,11.8,1.3,20.0
2024-06-12,11.5,1.1,19.9
2024-06-13,14.0,0.6,22.2
2024-06-14,14.8,11.5,28.5
2024-06-15,13.8,8.2,36.8
2024-06-16,14.2,5.0,28.0
2024-06-17,15.5,0.1,21.1
2024-06-18,15.4,4.6,12.3
2024-06-19,14.8,0.6,18.4
2024-06-20,15.3,0.8,14.3
2024-06-21,15.6,3.5,17.6
2024-06-22,16.1,1.1,20.9
2024-06-23,17.4,0.1,15.0
2024-06-24,17.8,0.0,15.6
2024-06-25,21.4,0.0,16.3
2024-06-26,22.8,0.0,11.7
2024-06-27,21.0,0.0,21.7
2024-06-28,16.6,0.1,24.5
2024-06-29,17.8,0.5,16.7
2024-06-30,17.0,1.2,17.1
2024-07-01,15.6,0.8,20.5
2024-07-02,14.8,4.3,20.1
2024-07-03,14.0,12.6,19.2
2024-07-04,15.6,11.3,28.2
2024-07-05,15.7,6.2,29.4
2024-07-06,15.7,5.0,41.4
2024-07-07,14.0,9.2,24.1
2024-07-08,16.2,0.3,15.5
2024-07-09,19.3,7.4,21.5
2024-07-10,18.1,1.4,23.5
2024-07-11,16.6,0.4,18.7
2024-07-12,14.4,12.8,20.9
2024-07-13,14.5,6.0,23.8
2024-07-14,16.1,0.3,22.6
2024-07-15,18.7,8.5,14.0
2024-07-16,17.6,2.9,25.5
2024-07-17,17.4,1.2,18.4
2024-07-18,19.3,0.4,12.6
2024-07-19,23.0,0.0,9.5
2024-07-20,22.7,0.2,13.0
2024-07-21,19.6,2.3,17.5
2024-07-22,18.8,0.1,21.1
2024-07-23,18.4,6.0,20.2
2024-07-24,17.9,0.1,12.6
2024-07-25,19.0,3.6,20.6
2024-07-26,18.5,7.1,19.3
2024-07-27,17.6,0.8,12.5
2024-07-28,18.2,0.0,10.9
2024-07-29,19.9,0.0,12.6
2024-07-30,22.3,0.0,11.6
2024-07-31,21.2,0.0,14.5
2024-08-01,19.7,7.2,13.7
2024-08-02,20.0,0.2,9.2
2024-08-03,20.1,1.9,24.0
2024-08-04,18.2,0.2,12.7
2024-08-05,19.1,0.0,14.7
2024-08-06,21.2,0.1,16.0
2024-08-07,19.5,0.9,20.0
2024-08-08,20.0,0.1,24.0
2024-08-09,20.2,2.7,27.3
2024-08-10,19.4,0.0,19.8
2024-08-11,21.3,0.0,15.5
2024-08-12,23.9,0.0,15.3
2024-08-13,22.7,0.3,19.7
2024-08-14,20.1,3.0,13.0
2024-08-15,20.6,0.2,25.7
2024-08-16,19.8,8.4,20.7
2024-08-17,19.0,0.0,10.9
2024-08-18,18.3,0.2,16.5
2024-08-19,18.4,0.0,15.5
2024-08-20,18.3,18.1,20.0
2024-08-21,16.6,0.1,24.8
2024-08-22,18.8,0.2,29.9
2024-08-23,19.5,1.7,37.4
2024-08-24,19.3,8.5,34.5
2024-08-25,16.5,1.4,24.4
2024-08-26,17.1,0.2,23.7
2024-08-27,18.0,0.0,11.2
2024-08-28,20.7,0.0,12.8
2024-08-29,19.2,0.0,15.0
2024-08-30,17.8,0.2,19.9
2024-08-31,18.8,1.2,24.4
2024-09-01,22.2,0.0,17.8
2024-09-02,22.0,3.1,16.1
2024-09-03,19.5,4.2,14.7
2024-09-04,17.9,1.2,10.4
2024-09-05,21.2,0.2,25.8
2024-09-06,20.7,0.9,17.7
2024-09-07,19.8,1.7,12.8
2024-09-08,18.4,3.3,22.9
2024-09-09,16.8,2.0,27.2
2024-09-10,15.3,18.9,32.3
2024-09-11,11.6,10.8,29.9
2024-09-12,10.7,4.0,14.8
2024-09-13,12.2,0.0,19.9
2024-09-14,12.9,0.1,11.8
2024-09-15,14.1,0.0,13.6
2024-09-16,15.3,0.7,20.5
2024-09-17,15.8,0.2,25.5
2024-09-18,17.0,0.0,19.9
2024-09-19,17.9,0.0,18.9
2024-09-20,17.6,0.0,18.6
2024-09-21,17.6,0.0,12.2
2024-09-22,17.6,4.9,14.5
2024-09-23,16.5,3.9,19.2
2024-09-24,14.6,3.2,21.9
2024-09-25,14.3,9.2,20.4
2024-09-26,15.5,18.5,33.8
2024-09-27,12.6,15.4,37.6
2024-09-28,10.8,4.3,20.7
2024-09-29,10.4,0.0,20.9
2024-09-30,12.2,12.5,29.9
2024-10-01,13.2,5.7,31.2
2024-10-02,11.4,0.4,20.3
2024-10-03,10.4,0.0,22.1
2024-10-04,9.3,0.0,10.3
2024-10-05,9.6,0.0,13.3
2024-10-06,11.5,2.0,22.8
2024-10-07,15.1,4.5,22.6
2024-10-08,15.2,0.6,22.0
2024-10-09,13.7,3.6,24.3
2024-10-10,11.9,5.2,24.3
2024-10-11,9.0,0.6,11.2
2024-10-12,9.7,2.3,26.6
2024-10-13,10.4,0.7,30.1
2024-10-14,7.8,4.9,10.3
2024-10-15,9.9,0.0,21.3
2024-10-16,16.4,0.0,23.1
2024-10-17,16.5,4.1,25.5
2024-10-18,14.8,3.7,11.6
2024-10-19,14.5,0.8,22.1
2024-10-20,15.6,1.9,34.3
2024-10-21,14.0,9.5,25.2
2024-10-22,12.2,2.1,21.8
2024-10-23,11.7,0.3,12.7
2024-10-24,10.8,0.0,13.5
2024-10-25,13.7,2.0,12.2
2024-10-26,13.9,0.0,13.0
2024-10-27,13.0,0.3,13.8
2024-10-28,12.4,1.4,26.3
2024-10-29,13.3,1.6,17.6
2024-10-30,12.9,0.6,6.7
2024-10-31,10.5,0.0,8.6
2024-11-01,10.9,0.1,16.3
2024-11-02,11.5,0.0,14.2
2024-11-03,7.8,0.0,8.8
2024-11-04,7.9,0.0,13.8
2024-11-05,7.3,0.0,8.7
2024-11-06,9.4,0.0,6.8
2024-11-07,7.3,0.0,14.9
2024-11-08,5.6,0.0,14.9
2024-11-09,6.9,0.2,7.9
2024-11-10,8.3,0.2,11.2
2024-11-11,10.3,3.9,25.5
2024-11-12,8.6,0.0,21.6
2024-11-13,8.9,0.1,8.5
2024-11-14,10.6,0.3,11.7
2024-11-15,9.1,0.7,12.1
2024-11-16,9.5,3.6,17.1
2024-11-17,7.9,9.4,19.7
2024-11-18,6.1,4.8,13.8
2024-11-19,5.0,11.0,27.6
2024-11-20,3.3,15.7,20.6
2024-11-21,3.1,2.2,18.3
2024-11-22,3.3,15.7,24.5
2024-11-23,4.6,9.7,30.5
2024-11-24,14.7,0.3,30.6
2024-11-25,11.9,8.5,29.5
2024-11-26,7.3,4.0,18.3
2024-11-27,8.2,13.9,33.2
2024-11-28,7.2,0.4,17.0
2024-11-29,3.9,0.0,13.8
2024-11-30,4.5,0.0,12.9
2024-12-01,6.4,0.0,17.4
2024-12-02,9.2,2.5,21.4
2024-12-03,6.4,0.3,16.8
2024-12-04,5.2,0.3,13.0
2024-12-05,7.5,24.2,29.7
2024-12-06,8.1,1.3,31.0
2024-12-07,7.8,10.0,30.3
2024-12-08,6.4,2.8,19.7
2024-12-09,6.0,0.2,22.4
2024-12-10,5.1,0.0,18.7
2024-12-11,3.7,0.0,11.3
2024-12-12,3.8,0.1,8.1
2024-12-13,2.0,0.0,9.8
2024-12-14,4.5,1.4,17.9
2024-12-15,8.6,0.2,20.3
2024-12-16,10.0,0.4,21.5
2024-12-17,8.0,0.3,17.6
2024-12-18,10.9,1.7,30.2
2024-12-19,8.0,13.7,34.5
2024-12-20,6.2,0.9,19.5
2024-12-21,8.2,5.3,27.5
2024-12-22,5.5,10.9,25.7
2024-12-23,6.9,1.5,27.1
2024-12-24,6.5,0.6,12.9
2024-12-25,9.2,0.0,9.9
2024-12-26,7.7,0.0,7.4
2024-12-27,4.1,0.0,7.0
2024-12-28,2.2,0.0,9.8
2024-12-29,4.3,0.0,14.0
2024-12-30,6.7,0.0,18.0
2024-12-31,5.1,0.0,26.8
2025-01-01,8.0,16.1,30.9
2025-01-02,4.0,3.4,14.7
2025-01-03,2.9,3.5,17.0
2025-01-04,1.8,0.3,13.1
2025-01-05,5.9,25.6,26.9
2025-01-06,8.7,4.7,36.0
2025-01-07,3.6,6.0,22.3
2025-01-08,3.4,0.9,16.9
2025-01-09,2.6,2.9,18.8
2025-01-10,2.4,2.1,14.5
2025-01-11,1.9,0.0,9.1
2025-01-12,2.5,0.0,5.8
2025-01-13,1.0,0.0,10.2
2025-01-14,3.4,0.0,15.1
2025-01-15,7.0,0.1,8.6
2025-01-16,4.9,0.0,9.9
2025-01-17,2.0,0.0,10.0
2025-01-18,-0.2,0.0,9.4
2025-01-19,-0.5,0.0,5.8
2025-01-20,-0.1,0.0,9.2
2025-01-21,0.3,0.0,10.2
2025-01-22,1.7,7.5,10.9
2025-01-23,5.3,2.3,27.7
2025-01-24,7.8,3.2,31.0
2025-01-25,5.3,6.3,16.1
2025-01-26,4.0,2.6,24.5
2025-01-27,8.8,3.6,31.1
2025-01-28,7.7,3.9,23.3
2025-01-29,6.9,2.3,25.1
2025-01-30,5.3,5.4,13.5
2025-01-31,3.5,0.0,10.8
2025-02-01,1.7,0.0,8.8
2025-02-02,0.5,0.0,7.7
2025-02-03,1.5,0.0,12.0
2025-02-04,2.9,0.0,17.5
2025-02-05,5.2,0.0,14.7
2025-02-06,3.4,0.0,14.5
2025-02-07,3.1,0.0,26.2
2025-02-08,4.6,0.0,16.0
2025-02-09,3.3,0.0,14.1
2025-02-10,1.7,1.8,20.2
2025-02-11,2.3,9.6,18.0
2025-02-12,3.6,1.5,9.7
2025-02-13,1.2,0.0,15.6
2025-02-14,0.7,0.0,7.6
2025-02-15,0.8,0.9,8.4
2025-02-16,0.7,0.2,21.8
2025-02-17,-0.9,0.0,9.9
2025-02-18,-0.6,0.0,15.6
2025-02-19,1.3,0.0,14.5
2025-02-20,7.2,0.4,16.9
2025-02-21,13.0,0.0,17.5
2025-02-22,9.8,10.5,18.6
2025-02-23,9.8,0.0,20.6
2025-02-24,10.2,3.7,25.1
2025-02-25,7.6,0.2,13.6
2025-02-26,6.9,4.9,26.4
2025-02-27,5.2,3.9,20.0
2025-02-28,5.4,1.2,15.5
2025-03-01,4.0,0.0,11.6
2025-03-02,3.2,0.0,5.1
2025-03-03,2.6,0.0,5.6
2025-03-04,3.6,0.0,10.2
2025-03-05,6.7,0.0,12.8
2025-03-06,8.7,0.0,11.9
2025-03-07,10.8,0.0,11.5
2025-03-08,10.5,0.0,10.7
2025-03-09,10.4,0.0,10.6
2025-03-10,9.2,0.0,10.8
2025-03-11,5.7,0.1,15.7
2025-03-12,4.8,1.0,13.7
2025-03-13,3.8,1.3,13.9
2025-03-14,3.0,1.1,12.9
2025-03-15,3.4,0.1,18.4
2025-03-16,4.1,0.0,14.4
2025-03-17,5.4,0.0,17.5
2025-03-18,4.5,0.0,17.5
2025-03-19,8.0,0.0,9.0
2025-03-20,10.6,0.0,8.8
2025-03-21,13.2,0.0,19.3
2025-03-22,13.7,3.5,13.4
2025-03-23,12.1,0.0,11.7
2025-03-24,8.9,0.0,11.9
2025-03-25,8.2,0.1,13.1
2025-03-26,8.3,0.4,11.7
2025-03-27,8.3,0.0,9.4
2025-03-28,8.1,0.4,16.6
2025-03-29,8.0,0.0,17.7
2025-03-30,9.8,1.0,26.5
2025-03-31,8.0,0.0,13.3
2025-04-01,8.3,0.0,19.7
2025-04-02,10.8,0.0,23.4
2025-04-03,13.3,0.0,16.2
2025-04-04,13.6,0.0,14.8
2025-04-05,10.4,0.0,18.5
2025-04-06,8.3,0.0,15.9
2025-04-07,8.1,0.0,12.6
2025-04-08,9.1,0.0,10.9
2025-04-09,8.3,0.0,16.6
2025-04-10,9.5,0.0,15.9
2025-04-11,10.9,0.0,11.7
2025-04-12,15.3,0.0,17.2
2025-04-13,14.0,2.7,19.2
2025-04-14,13.0,1.1,13.9
2025-04-15,14.7,1.0,14.9
2025-04-16,11.2,0.0,15.7
2025-04-17,10.7,0.1,8.1
2025-04-18,11.2,0.0,12.8
2025-04-19,10.2,0.0,13.5
2025-04-20,11.4,1.7,10.8
2025-04-21,12.1,7.4,9.3
2025-04-22,12.4,0.5,14.2
2025-04-23,11.7,1.9,10.1
2025-04-24,11.0,8.7,17.3
2025-04-25,11.1,0.0,11.7
2025-04-26,12.0,0.0,12.3
2025-04-27,13.9,0.0,10.4
2025-04-28,14.5,0.0,10.4
2025-04-29,15.9,0.0,11.9
2025-04-30,18.3,0.0,9.5
2025-05-01,21.0,0.0,11.8
2025-05-02,19.1,0.0,13.0
2025-05-03,13.4,0.0,16.8
2025-05-04,10.6,0.8,17.7
2025-05-05,10.0,0.1,18.6
2025-05-06,10.2,0.7,17.1
2025-05-07,11.3,0.2,14.0
2025-05-08,13.0,0.1,13.1
2025-05-09,13.9,0.0,16.4
2025-05-10,16.0,0.0,15.5
2025-05-11,18.5,0.0,16.0
2025-05-12,19.0,0.0,16.1
2025-05-13,17.5,0.0,15.8
2025-05-14,14.9,0.0,16.7
2025-05-15,14.3,0.2,17.5
2025-05-16,12.3,0.0,19.4
2025-05-17,13.3,0.0,16.8
2025-05-18,13.7,0.6,13.5
2025-05-19,15.6,0.0,13.5
2025-05-20,15.5,0.0,13.7
2025-05-21,13.3,0.0,15.6
2025-05-22,11.6,0.1,19.6
2025-05-23,11.2,0.7,21.7
2025-05-24,12.6,6.4,20.0
2025-05-25,15.7,3.6,28.4
2025-05-26,14.7,1.0,22.4
2025-05-27,14.4,20.2,29.0
2025-05-28,14.6,4.7,25.3
2025-05-29,14.9,1.9,24.4
2025-05-30,16.7,0.0,21.3
2025-05-31,18.4,2.0,9.8
2025-06-01,16.5,0.0,23.2
2025-06-02,15.0,0.4,14.7
2025-06-03,16.6,0.0,24.2
2025-06-04,16.0,1.8,19.2
2025-06-05,15.2,13.8,20.0
2025-06-06,15.2,3.3,25.9
2025-06-07,13.6,9.0,22.8
2025-06-08,13.0,11.5,25.0
2025-06-09,14.7,0.2,14.4
2025-06-10,14.5,3.7,27.1
2025-06-11,15.1,0.0,12.4
2025-06-12,19.6,0.0,18.8
2025-06-13,23.8,1.0,13.7
2025-06-14,21.7,3.1,16.2
2025-06-15,17.8,0.0,16.4
2025-06-16,18.5,0.0,11.8
2025-06-17,19.3,0.0,14.4
2025-06-18,19.6,0.0,12.9
2025-06-19,19.8,0.0,11.2
2025-06-20,20.6,0.0,11.7
2025-06-21,24.1,0.0,9.2
2025-06-22,22.1,2.6,20.7
2025-06-23,17.9,2.1,28.2
2025-06-24,17.9,0.6,28.0
2025-06-25,20.7,0.0,15.2
2025-06-26,19.7,7.5,28.8
2025-06-27,19.0,2.5,19.9
2025-06-28,20.9,0.3,20.7
2025-06-29,21.6,0.0,13.5
2025-06-30,23.8,0.0,10.6
2025-07-01,28.5,0.0,15.1
2025-07-02,23.1,2.1,19.2
2025-07-03,17.9,0.0,15.2
2025-07-04,19.5,0.0,15.0
2025-07-05,18.8,2.1,23.7
2025-07-06,17.3,34.5,16.8
2025-07-07,15.8,1.6,22.0
2025-07-08,15.1,2.3,18.8
2025-07-09,18.0,0.0,9.2
2025-07-10,18.8,0.0,11.0
2025-07-11,19.5,0.0,11.1
2025-07-12,19.4,0.0,13.2
2025-07-13,19.6,5.3,8.8
2025-07-14,20.0,0.6,19.6
2025-07-15,18.9,1.9,20.3
2025-07-16,17.2,6.5,18.4
2025-07-17,18.7,0.0,9.2
2025-07-18,21.3,0.2,11.2
2025-07-19,23.2,0.0,19.3
2025-07-20,20.9,4.3,17.0
2025-07-21,18.8,7.1,18.5
2025-07-22,18.6,8.5,18.0
2025-07-23,18.7,3.6,14.0
2025-07-24,19.2,0.4,8.9
2025-07-25,19.2,1.2,12.2
2025-07-26,19.4,2.9,15.2
2025-07-27,18.1,1.6,13.0
2025-07-28,17.7,1.0,16.7
2025-07-29,17.8,1.7,13.1
2025-07-30,18.3,0.0,17.9
2025-07-31,18.7,4.3,17.6
2025-08-01,17.0,3.8,19.6
2025-08-02,16.6,6.5,18.8
2025-08-03,18.5,6.2,21.5
2025-08-04,19.9,4.7,26.7
2025-08-05,17.5,0.4,22.7
2025-08-06,17.6,0.0,15.0
2025-08-07,19.1,0.1,17.1
2025-08-08,19.6,0.2,13.9
2025-08-09,17.9,0.0,15.5
2025-08-10,19.5,0.0,10.0
2025-08-11,21.4,0.0,11.2
2025-08-12,23.5,0.4,10.5
2025-08-13,24.4,0.0,11.0
2025-08-14,23.2,2.4,15.1
2025-08-15,21.4,0.0,14.0
2025-08-16,19.3,0.0,14.7
2025-08-17,17.3,0.5,12.3
2025-08-18,19.5,0.0,12.3
2025-08-19,20.0,0.0,15.0
2025-08-20,18.8,0.0,14.0
2025-08-21,17.4,0.0,19.3
2025-08-22,16.3,0.5,14.4
2025-08-23,16.2,0.9,13.5
2025-08-24,15.9,0.0,9.9
2025-08-25,17.5,0.0,9.5
2025-08-26,20.2,0.0,16.2
2025-08-27,19.8,0.7,14.7
2025-08-28,18.1,9.3,14.2
2025-08-29,16.8,2.6,20.7
2025-08-30,18.0,1.6,17.7
2025-08-31,19.2,2.1,17.4
2025-09-01,18.6,0.1,17.8
2025-09-02,17.5,2.5,21.2
2025-09-03,18.8,4.2,32.9
2025-09-04,17.4,1.1,21.1
2025-09-05,16.4,0.6,13.7
2025-09-06,16.9,0.0,13.0
2025-09-07,20.4,0.0,16.9
2025-09-08,19.0,1.9,13.7
2025-09-09,15.0,0.2,10.1
2025-09-10,16.2,0.5,17.7
2025-09-11,15.5,9.0,25.6
2025-09-12,14.8,0.6,24.7
2025-09-13,14.3,4.5,22.8
2025-09-14,14.9,4.5,24.3
2025-09-15,16.4,5.6,34.0
2025-09-16,15.0,3.7,28.6
2025-09-17,15.4,2.4,22.3
2025-09-18,18.4,0.7,23.5
2025-09-19,19.5,0.0,13.0
2025-09-20,19.6,3.6,20.4
2025-09-21,14.4,0.8,23.7
2025-09-22,12.5,0.1,16.9
2025-09-23,12.3,0.6,13.6
2025-09-24,11.9,0.0,20.7
2025-09-25,12.0,0.0,21.6
2025-09-26,12.1,0.1,13.9
2025-09-27,12.1,0.1,6.9
2025-09-28,13.2,0.0,7.9
2025-09-29,12.8,0.2,12.0
2025-09-30,13.6,1.2,8.5
2025-10-01,11.7,0.0,9.3
2025-10-02,12.8,0.1,13.9
2025-10-03,12.2,8.4,29.8
2025-10-04,13.6,25.8,31.3
2025-10-05,12.5,1.8,24.4
2025-10-06,14.3,0.1,18.9
2025-10-07,15.0,0.0,14.9
2025-10-08,14.3,0.4,11.7
2025-10-09,13.4,0.0,12.9
2025-10-10,14.9,0.0,10.4
2025-10-11,14.3,1.0,7.7
2025-10-12,14.2,0.1,10.2
2025-10-13,14.2,0.3,9.7
2025-10-14,13.5,0.3,10.9
2025-10-15,13.2,0.6,9.2
2025-10-16,12.5,0.3,10.7
2025-10-17,12.2,0.4,11.2
2025-10-18,10.9,0.0,10.7
2025-10-19,11.4,1.4,19.4
2025-10-20,14.4,4.6,22.1
2025-10-21,13.4,6.2,25.1
2025-10-22,12.6,1.2,15.5
2025-10-23,11.9,24.0,35.8
2025-10-24,10.0,1.3,27.1
2025-10-25,9.4,7.3,24.1
2025-10-26,8.7,16.9,28.1
2025-10-27,10.0,14.3,27.5
2025-10-28,11.9,3.8,25.3
2025-10-29,11.5,6.4,18.8
2025-10-30,10.4,0.2,19.9
2025-10-31,11.2,0.5,16.9
2025-11-01,12.4,6.5,22.4
2025-11-02,10.5,1.7,20.1
2025-11-03,10.4,0.0,21.7
2025-11-04,13.5,0.0,19.7
2025-11-05,13.6,0.0,16.6
2025-11-06,11.4,0.0,11.1
2025-11-07,11.3,0.0,9.3
2025-11-08,10.8,0.1,8.0
2025-11-09,10.8,0.1,10.5
2025-11-10,9.2,2.4,18.1
2025-11-11,10.5,0.0,19.7
2025-11-12,12.5,0.3,18.4
2025-11-13,13.0,3.9,19.0
2025-11-14,11.6,8.7,14.9
2025-11-15,9.2,6.1,13.9
2025-11-16,7.0,0.0,15.3
2025-11-17,6.2,2.8,19.6
2025-11-18,5.1,1.9,17.8
2025-11-19,4.8,8.6,20.9
2025-11-20,1.9,12.9,14.1
2025-11-21,2.1,0.0,12.5
2025-11-22,1.5,0.0,19.4
2025-11-23,2.6,5.3,23.6
2025-11-24,4.8,0.7,16.7
2025-11-25,4.0,0.0,15.0
2025-11-26,3.9,0.0,12.1
2025-11-27,6.6,1.2,20.2
2025-11-28,9.5,0.6,18.5
2025-11-29,8.9,1.1,21.1
2025-11-30,6.7,0.4,20.5
2025-12-01,5.7,1.4,24.9
2025-12-02,7.4,0.0,22.9
2025-12-03,6.6,0.0,11.9
2025-12-04,6.2,0.4,17.6
2025-12-05,4.1,0.0,20.7
2025-12-06,8.4,3.5,24.3
2025-12-07,10.2,8.9,31.5
2025-12-08,11.8,1.5,23.5
2025-12-09,12.1,2.0,20.6
2025-12-10,11.4,0.0,19.7
2025-12-11,8.0,0.0,14.7
2025-12-12,8.7,0.1,13.1
2025-12-13,7.9,0.0,13.8
2025-12-14,6.9,0.0,19.7
2025-12-15,7.1,0.0,20.0
2025-12-16,8.7,1.0,12.8
2025-12-17,8.1,0.1,17.3
2025-12-18,10.1,0.3,26.2
2025-12-19,9.4,5.1,23.2
2025-12-20,5.7,0.1,12.4
2025-12-21,8.3,0.0,15.4
2025-12-22,5.6,0.0,14.0
2025-12-23,4.3,0.0,20.5
2025-12-24,1.2,0.0,25.0
2025-12-25,-1.8,0.0,22.8
2025-12-26,-1.3,0.0,14.2
2025-12-27,1.4,0.0,17.2
2025-12-28,2.6,0.0,10.0
2025-12-29,3.3,0.0,10.6
2025-12-30,3.6,0.0,10.0
2025-12-31,3.3,0.0,16.1
